head_ratio	precision
1	0.147382
2	0.202946
3	0.250466
4	0.297908
5	0.339539
6	0.374303
7	0.405709
8	0.439392
9	0.468121
10	0.493227
11	0.517817
12	0.542768
13	0.557021
14	0.587557
15	0.601613
16	0.612422
17	0.626668
18	0.636731
19	0.644092
20	0.654928
21	0.660198
22	0.667734
23	0.677637
24	0.681630
25	0.685794
26	0.695607
27	0.703244
28	0.704045
29	0.709511
30	0.717744
31	0.718771
32	0.722513
33	0.732240
34	0.731633
35	0.734964
36	0.738299
37	0.737066
38	0.740653
39	0.744517
40	0.747615
